{"cameraMode":{"drawMode":0,"name":"Shaded","section":"Shading Mode"},"sceneLighting":true,"audioPlay":false,"sceneViewState":{"m_AlwaysRefresh":false,"showFog":true,"showSkybox":true,"showFlares":true,"showImageEffects":true,"showParticleSystems":true,"showVisualEffectGraphs":true,"m_FxEnabled":true},"in2DMode":false,"pivot":{"x":-0.17596882581710816,"y":-5.545669078826904,"z":-1.5517253875732422},"rotation":{"x":0.30358484387397768,"y":0.3266843855381012,"z":-0.11167813837528229,"w":0.8880574107170105},"size":3.4625258445739748,"orthographic":true}